INSERT INTO category (category_name) VALUES 
('食品'), ('飲料'), ('日用品'), ('家電'),
('家具'), ('衣料品'), ('書籍'), ('文房具'), ('玩具'), ('スポーツ用品'), 
('アウトドア用品'), ('化粧品'), ('医薬品'), ('ペット用品'), ('園芸用品'), ('自動車用品'), 
('オフィス用品'), ('キッチン用品'), ('バス用品'), ('トイレ用品'), ('掃除用品'), ('洗濯用品'), 
('収納用品'), ('寝具'), ('インテリア'), ('照明'), ('防災用品'), ('旅行用品'), 
('電子機器'), ('アクセサリー'), ('時計'), ('靴'), ('バッグ'), ('ジュエリー');

INSERT INTO manufacturer (manufacturer_name) VALUES 
('食品メーカー'), ('飲料メーカー'), ('日用品メーカー'), ('家電メーカー'),
('家具メーカー'), ('衣料品メーカー'), ('書籍出版社'), ('文房具メーカー'), ('玩具メーカー'), ('スポーツ用品メーカー'), 
('アウトドア用品メーカー'), ('化粧品メーカー'), ('医薬品メーカー'), ('ペット用品メーカー'), ('園芸用品メーカー'), ('自動車用品メーカー'), 
('オフィス用品メーカー'), ('キッチン用品メーカー'), ('バス用品メーカー'), ('トイレ用品メーカー'), ('掃除用品メーカー'), ('洗濯用品メーカー'), 
('収納用品メーカー'), ('寝具メーカー'), ('インテリアメーカー'), ('照明メーカー'), ('防災用品メーカー'), ('旅行用品メーカー'), 
('電子機器メーカー'), ('アクセサリーメーカー'), ('時計メーカー'), ('靴メーカー'), ('バッグメーカー'), ('ジュエリーメーカー');

INSERT INTO product (product_id, product_name, category_id, product_description, price, manufacturer_id, manufacture_date, expiration_date, barcode) VALUES 
(1, '米', 1, '新潟産コシヒカリ', 3000.00, 1, '2024-01-01', '2025-01-01', '1234567890123'),
(2, '水', 2, '富士山の天然水', 100.00, 2, '2024-02-01', '2025-02-01', '1234567890124'),
(3, '洗剤', 3, '強力洗浄洗剤', 500.00, 3, '2024-03-01', '2025-03-01', '1234567890125'),
(4, '冷蔵庫', 4, '最新型冷蔵庫', 50000.00, 4, '2024-04-01', '2025-04-01', '1234567890126'),
(5, 'ソファ', 5, '高級レザーソファ', 80000.00, 5, '2024-05-01', '2025-05-01', '1234567890127'),
(6, 'シャツ', 6, '綿100%シャツ', 2000.00, 6, '2024-06-01', '2025-06-01', '1234567890128'),
(7, '小説', 7, 'ベストセラー小説', 1500.00, 7, '2024-07-01', '2025-07-01', '1234567890129'),
(8, 'ノート', 8, 'A4サイズノート', 300.00, 8, '2024-08-01', '2025-08-01', '1234567890130'),
(9, 'ぬいぐるみ', 9, 'かわいいぬいぐるみ', 2500.00, 9, '2024-09-01', '2025-09-01', '1234567890131'),
(10, 'サッカーボール', 10, '公式サイズサッカーボール', 4000.00, 10, '2024-10-01', '2025-10-01', '1234567890132'),
(11, 'テント', 11, '4人用テント', 15000.00, 11, '2024-11-01', '2025-11-01', '1234567890133'),
(12, 'リップクリーム', 12, '保湿リップクリーム', 800.00, 12, '2024-12-01', '2025-12-01', '1234567890134'),
(13, '風邪薬', 13, '速効性風邪薬', 1200.00, 13, '2024-01-01', '2025-01-01', '1234567890135'),
(14, 'ドッグフード', 14, '高栄養ドッグフード', 5000.00, 14, '2024-02-01', '2025-02-01', '1234567890136'),
(15, '園芸用土', 15, '有機栽培用土', 1000.00, 15, '2024-03-01', '2025-03-01', '1234567890137'),
(16, 'カーナビ', 16, '最新型カーナビ', 30000.00, 16, '2024-04-01', '2025-04-01', '1234567890138'),
(17, 'ファイル', 17, 'A4サイズファイル', 200.00, 17, '2024-05-01', '2025-05-01', '1234567890139'),
(18, 'フライパン', 18, 'セラミックフライパン', 4000.00, 18, '2024-06-01', '2025-06-01', '1234567890140'),
(19, 'バスタオル', 19, '吸水性バスタオル', 1500.00, 19, '2024-07-01', '2025-07-01', '1234567890141'),
(20, 'トイレットペーパー', 20, '12ロールトイレットペーパー', 600.00, 20, '2024-08-01', '2025-08-01', '1234567890142'),
(21, '掃除機', 21, 'コードレス掃除機', 25000.00, 21, '2024-09-01', '2025-09-01', '1234567890143'),
(22, '洗濯機', 22, 'ドラム式洗濯機', 60000.00, 22, '2024-10-01', '2025-10-01', '1234567890144'),
(23, '収納ボックス', 23, 'プラスチック収納ボックス', 2000.00, 23, '2024-11-01', '2025-11-01', '1234567890145'),
(24, '枕', 24, '低反発枕', 3000.00, 24, '2024-12-01', '2025-12-01', '1234567890146'),
(25, 'カーテン', 25, '遮光カーテン', 8000.00, 25, '2024-01-01', '2025-01-01', '1234567890147'),
(26, 'LEDライト', 26, '省エネLEDライト', 1500.00, 26, '2024-02-01', '2025-02-01', '1234567890148'),
(27, '防災セット', 27, '緊急用防災セット', 10000.00, 27, '2024-03-01', '2025-03-01', '1234567890149'),
(28, 'スーツケース', 28, '大型スーツケース', 20000.00, 28, '2024-04-01', '2025-04-01', '1234567890150'),
(29, 'スマートフォン', 29, '最新型スマートフォン', 80000.00, 29, '2024-05-01', '2025-05-01', '1234567890151'),
(30, 'ネックレス', 30, 'ダイヤモンドネックレス', 50000.00, 30, '2024-06-01', '2025-06-01', '1234567890152'),
(31, '腕時計', 31, '高級腕時計', 100000.00, 31, '2024-07-01', '2025-07-01', '1234567890153'),
(32, 'スニーカー', 32, 'ランニングスニーカー', 12000.00, 32, '2024-08-01', '2025-08-01', '1234567890154');

INSERT INTO manager (manager_name) VALUES 
('山田太郎'), ('佐藤花子'), ('鈴木一郎'), ('田中次郎'),
('高橋三郎'), ('伊藤四郎'), ('渡辺五郎'), ('中村六郎'), ('小林七郎'), ('加藤八郎'), 
('吉田九郎'), ('山本十郎'), ('松本十一'), ('井上十二'), ('木村十三'), ('林十四'), 
('清水十五'), ('山崎十六'), ('池田十七'), ('橋本十八'), ('阿部十九'), ('石井二十'), 
('森二十一'), ('遠藤二十二'), ('青木二十三'), ('藤田二十四'), ('三浦二十五'), ('岡田二十六'), 
('中川二十七'), ('原田二十八'), ('近藤二十九'), ('石田三十'), ('坂本三十一'), ('内田三十二');

INSERT INTO warehouse (warehouse_name, address, phone_number, manager_id) VALUES 
('東京倉庫', '東京都港区', '03-1234-5678', 1),
('大阪倉庫', '大阪府大阪市', '06-2345-6789', 2),
('名古屋倉庫', '愛知県名古屋市', '052-3456-7890', 3),
('福岡倉庫', '福岡県福岡市', '092-4567-8901', 4),
('札幌倉庫', '北海道札幌市', '011-5678-9012', 1),
('仙台倉庫', '宮城県仙台市', '022-6789-0123', 2),
('広島倉庫', '広島県広島市', '082-7890-1234', 3),
('高松倉庫', '香川県高松市', '087-8901-2345', 4),
('那覇倉庫', '沖縄県那覇市', '098-9012-3456', 1),
('金沢倉庫', '石川県金沢市', '076-0123-4567', 2),
('新潟倉庫', '新潟県新潟市', '025-1234-5678', 3),
('松山倉庫', '愛媛県松山市', '089-2345-6789', 4),
('熊本倉庫', '熊本県熊本市', '096-3456-7890', 1),
('鹿児島倉庫', '鹿児島県鹿児島市', '099-4567-8901', 2),
('長崎倉庫', '長崎県長崎市', '095-5678-9012', 3),
('岡山倉庫', '岡山県岡山市', '086-6789-0123', 4),
('静岡倉庫', '静岡県静岡市', '054-7890-1234', 1),
('宇都宮倉庫', '栃木県宇都宮市', '028-8901-2345', 2),
('前橋倉庫', '群馬県前橋市', '027-9012-3456', 3),
('甲府倉庫', '山梨県甲府市', '055-0123-4567', 4),
('松本倉庫', '長野県松本市', '0263-1234-5678', 1),
('岐阜倉庫', '岐阜県岐阜市', '058-2345-6789', 2),
('富山倉庫', '富山県富山市', '076-3456-7890', 3),
('福井倉庫', '福井県福井市', '0776-4567-8901', 4),
('和歌山倉庫', '和歌山県和歌山市', '073-5678-9012', 1),
('奈良倉庫', '奈良県奈良市', '0742-6789-0123', 2),
('大分倉庫', '大分県大分市', '097-7890-1234', 3),
('宮崎倉庫', '宮崎県宮崎市', '0985-8901-2345', 4),
('佐賀倉庫', '佐賀県佐賀市', '0952-9012-3456', 1),
('徳島倉庫', '徳島県徳島市', '088-0123-4567', 2),
('高知倉庫', '高知県高知市', '088-1234-5678', 3),
('鳥取倉庫', '鳥取県鳥取市', '0857-2345-6789', 4),
('島根倉庫', '島根県松江市', '0852-3456-7890', 1),
('山口倉庫', '山口県山口市', '083-4567-8901', 2);

INSERT INTO product_warehouse (product_id, warehouse_id, stock_quantity) VALUES 
(1, 1, 100), (2, 2, 200), (3, 3, 300), (4, 4, 400),
(5, 5, 500), (6, 6, 600), (7, 7, 700), (8, 8, 800),
(9, 9, 900), (10, 10, 1000), (11, 11, 1100), (12, 12, 1200),
(13, 13, 1300), (14, 14, 1400), (15, 15, 1500), (16, 16, 1600),
(17, 17, 1700), (18, 18, 1800), (19, 19, 1900), (20, 20, 2000),
(21, 21, 2100), (22, 22, 2200), (23, 23, 2300), (24, 24, 2400),
(25, 25, 2500), (26, 26, 2600), (27, 27, 2700), (28, 28, 2800),
(29, 29, 2900), (30, 30, 3000), (31, 31, 3100), (32, 32, 3200);

INSERT INTO stock_entry_history (product_id, entry_quantity, manager_id) VALUES 
(1, 50, 1), (2, 100, 2), (3, 150, 3), (4, 200, 4),
(5, 250, 5), (6, 300, 6), (7, 350, 7), (8, 400, 8),
(9, 450, 9), (10, 500, 10), (11, 550, 11), (12, 600, 12),
(13, 650, 13), (14, 700, 14), (15, 750, 15), (16, 800, 16),
(17, 850, 17), (18, 900, 18), (19, 950, 19), (20, 1000, 20),
(21, 1050, 21), (22, 1100, 22), (23, 1150, 23), (24, 1200, 24),
(25, 1250, 25), (26, 1300, 26), (27, 1350, 27), (28, 1400, 28),
(29, 1450, 29), (30, 1500, 30), (31, 1550, 31), (32, 1600, 32);

INSERT INTO stock_exit_history (product_id, exit_quantity, manager_id) VALUES 
(1, 30, 1), (2, 60, 2), (3, 90, 3), (4, 120, 4),
(5, 150, 5), (6, 180, 6), (7, 210, 7), (8, 240, 8),
(9, 270, 9), (10, 300, 10), (11, 330, 11), (12, 360, 12),
(13, 390, 13), (14, 420, 14), (15, 450, 15), (16, 480, 16),
(17, 510, 17), (18, 540, 18), (19, 570, 19), (20, 600, 20),
(21, 630, 21), (22, 660, 22), (23, 690, 23), (24, 720, 24),
(25, 750, 25), (26, 780, 26), (27, 810, 27), (28, 840, 28),
(29, 870, 29), (30, 900, 30), (31, 930, 31), (32, 960, 32);
